{"cameraMode":{"drawMode":0,"name":"Shaded","section":"Shading Mode"},"sceneLighting":true,"audioPlay":false,"sceneViewState":{"m_AlwaysRefresh":false,"showFog":true,"showSkybox":true,"showFlares":true,"showImageEffects":true,"showParticleSystems":true,"showVisualEffectGraphs":true,"m_FxEnabled":true},"in2DMode":false,"pivot":{"x":-1367.199951171875,"y":-153.90817260742188,"z":153.3657684326172},"rotation":{"x":-0.043213650584220889,"y":0.6701613664627075,"z":-0.039879195392131808,"w":-0.7403144240379334},"size":699.1239013671875,"orthographic":false}