{"cameraMode":{"drawMode":0,"name":"Shaded","section":"Shading Mode"},"sceneLighting":true,"audioPlay":false,"sceneViewState":{"m_AlwaysRefresh":false,"showFog":true,"showSkybox":true,"showFlares":true,"showImageEffects":true,"showParticleSystems":true,"showVisualEffectGraphs":true,"m_FxEnabled":true},"in2DMode":false,"pivot":{"x":3.3449554443359377,"y":1.9096002578735352,"z":25.00330924987793},"rotation":{"x":-0.09836369752883911,"y":0.20813308656215669,"z":-0.02145438641309738,"w":-0.9732277393341065},"size":11.638608932495118,"orthographic":false}